-1.000,-1.000,-1.000,-1.000,-1.000,-1.000,-1.000,-1.000,-0.864,0.068,-0.991,-0.602,-1.000,-1.000,-1.000,-1.000,-0.935,-1.000,-1.000,0.068,-1.000,0.981,-1.000,-1.000,-0.628,-1.000,0.000,-1.000,-1.000,-1.000,-0.954
-0.969,-0.876,-0.955,-0.940,-0.949,-0.996,-0.742,-0.876,-1.000,0.184,-0.981,-0.496,-0.960,-0.982,-0.977,-0.980,-0.866,-0.950,-0.974,0.184,-0.923,0.922,-0.918,-0.943,-0.421,-0.859,0.000,-0.956,-0.932,-0.839,-1.000
-0.940,-0.732,-0.908,-0.915,-0.906,-0.994,-0.434,-0.732,-0.966,0.184,-0.981,-0.416,-0.934,-0.949,-0.865,-0.972,-0.853,-0.920,-0.943,0.184,-0.890,0.910,-0.840,-0.899,-0.772,-0.761,0.000,-0.886,-0.935,-0.858,-0.985
-0.900,-0.586,-0.864,-0.840,-0.878,-0.992,-0.276,-0.586,-0.847,0.223,-1.000,-0.379,-0.887,-0.932,-0.716,-0.946,-0.778,-0.859,-0.907,0.223,-0.831,1.000,-0.837,-0.832,-0.819,-0.545,0.000,-0.815,-0.998,-0.936,-0.796
-0.873,-0.463,-0.773,-0.813,-0.811,-0.991,0.054,-0.463,-0.602,0.243,-0.954,-0.347,-0.842,-0.890,-0.865,-0.913,-1.000,-0.815,-0.871,0.243,-0.810,0.949,-0.668,-0.792,-0.850,-0.459,0.000,-0.757,-0.904,-0.774,-0.993
-0.832,-0.525,-0.710,-0.794,-0.801,-0.987,-0.398,-0.525,-0.458,-0.282,-0.333,-0.218,-0.828,-0.875,-0.803,-0.856,-0.852,-0.751,-0.830,-0.282,-0.782,0.949,-0.716,-0.770,-0.887,-0.378,0.000,-0.636,-0.706,-0.290,-0.955
-0.792,-0.477,-0.581,-0.722,-0.747,-0.982,-0.226,-0.477,-0.297,-0.049,-0.940,-0.212,-0.728,-0.828,-0.797,-0.825,-0.735,-0.670,-0.796,-0.049,-0.705,0.977,-0.655,-0.673,-1.000,-0.171,0.000,-0.610,-0.732,-0.307,-0.984
-0.758,-0.409,-0.543,-0.787,-0.741,-0.975,0.025,-0.409,-0.254,0.146,-0.939,-0.177,-0.723,-0.814,-0.772,-0.793,-0.806,-0.633,-0.756,0.146,-0.664,0.840,-0.627,-0.612,-0.808,-0.105,0.000,-0.596,-0.707,-0.294,-0.905
-0.690,-0.336,-0.554,-0.795,-0.724,-0.970,0.276,-0.336,-0.153,-0.340,-0.845,-0.144,-0.696,-0.754,-0.791,-0.762,-0.759,-0.584,-0.719,-0.340,-0.598,0.813,-0.488,-0.492,-0.515,-0.222,0.000,-0.523,-0.660,-0.309,-0.942
-0.626,-0.253,-0.536,-0.089,-0.646,-0.962,0.391,-0.253,-0.212,-0.184,-0.858,-0.116,-0.593,-0.717,-0.791,-0.741,-0.654,-0.521,-0.663,-0.184,-0.505,0.830,-0.417,-0.410,-0.214,-0.268,0.000,-0.412,-0.502,-0.085,-0.917
-0.593,-0.090,-0.702,-0.532,-0.489,-0.956,0.878,-0.090,-0.288,-0.146,-0.783,-0.047,-0.536,-0.691,-0.565,-0.703,-0.655,-0.510,-0.612,-0.146,-0.376,0.825,-0.370,-0.292,-0.338,-0.159,0.000,-0.333,-0.153,0.350,-0.703
-0.485,-0.025,-0.638,-0.419,-0.318,-0.536,0.706,-0.025,-0.280,0.631,-0.454,-0.002,-0.377,-0.643,-0.523,-0.691,-0.457,-0.425,-0.491,0.631,-0.218,0.793,-0.099,-0.169,-0.296,-0.018,0.000,-0.214,0.135,0.485,-0.857
-0.377,-0.109,-0.472,-0.339,-0.236,-0.494,0.462,-0.109,0.136,0.612,-0.107,0.192,-0.154,-0.618,-0.502,-0.659,-0.431,-0.272,-0.388,0.612,-0.029,0.814,0.145,-0.089,-0.005,-0.002,0.000,-0.102,0.297,0.586,-0.785
-0.279,-0.036,-0.555,-0.322,-0.129,-0.404,-0.011,-0.036,0.339,0.786,-0.023,0.231,-0.141,-0.522,-0.509,-0.632,-0.378,-0.102,-0.300,0.786,-0.074,0.841,0.306,0.002,0.296,-0.223,0.000,-0.069,0.610,0.659,-0.891
-0.252,0.107,-0.654,-0.361,-0.230,-0.325,0.075,0.107,0.085,-0.612,-0.337,0.134,-0.281,-0.457,-0.389,-0.580,-0.401,-0.066,-0.268,-0.612,0.002,0.838,0.482,0.185,-0.190,0.041,0.000,-0.267,0.092,0.227,-0.906
-0.198,0.306,-0.585,-0.240,-0.066,-0.318,0.283,0.306,0.169,-0.534,0.105,0.238,-0.185,-0.362,-0.376,-0.514,-0.399,-0.048,-0.206,-0.534,0.072,0.917,0.482,0.241,-0.084,-0.037,0.000,-0.137,0.416,0.536,1.000
-0.120,0.250,-0.483,-0.138,0.079,-0.272,0.319,0.250,0.254,0.165,0.096,0.287,-0.102,-0.314,-0.338,-0.406,-0.316,-0.001,-0.128,0.165,0.083,0.753,0.563,0.270,0.320,-0.194,0.000,-0.065,0.905,0.629,-0.381
-0.053,0.380,-0.461,-0.038,0.174,-0.218,0.455,0.380,0.339,-0.340,0.664,0.288,-0.060,-0.400,-0.295,-0.337,-0.266,0.039,-0.056,-0.340,0.091,0.774,0.604,0.386,0.335,-0.107,0.000,-0.049,1.000,0.750,-0.619
0.035,0.633,-0.466,0.025,0.167,-0.162,0.520,0.633,0.534,-0.417,0.094,0.333,-0.157,-0.294,-0.219,-0.251,-0.291,0.104,0.036,-0.417,0.119,0.863,0.564,0.352,0.309,-0.054,0.000,0.022,0.993,1.000,-0.820
0.113,0.710,-0.446,0.103,0.268,-0.096,0.470,0.710,0.703,-0.476,0.480,0.408,-0.062,-0.178,-0.127,-0.157,-0.263,0.146,0.132,-0.476,0.105,0.724,0.471,0.406,0.323,-0.057,0.000,0.076,0.795,0.563,-0.927
0.183,0.861,-0.412,0.145,0.243,0.002,0.577,0.861,0.703,-0.845,-0.048,0.593,0.088,-0.061,0.021,-0.034,-0.252,0.184,0.329,-0.845,0.191,0.687,0.398,0.333,-0.133,0.275,0.000,0.155,0.010,0.863,-0.934
0.275,0.800,-0.345,0.167,0.281,0.093,0.297,0.800,0.729,-0.903,0.249,0.796,0.233,0.018,0.107,0.116,-0.156,0.229,0.317,-0.903,0.148,0.684,0.497,0.277,-0.114,0.328,0.000,0.214,-0.171,0.911,-0.937
0.359,0.900,-0.418,0.216,0.313,0.181,0.254,0.900,0.712,-0.379,0.589,0.906,0.345,0.144,0.134,0.243,-0.113,0.242,0.412,-0.379,0.111,0.667,0.612,0.319,-0.049,0.249,0.000,0.287,0.042,0.840,-0.936
0.450,0.847,-0.471,0.235,0.369,0.296,0.133,0.847,0.797,-0.476,0.447,1.000,0.441,0.190,0.072,0.378,-0.215,0.316,0.512,-0.476,0.095,0.692,0.887,0.256,-0.147,0.203,0.000,0.355,0.204,-1.477,-1.000
0.491,0.969,-0.455,0.223,0.413,0.379,0.104,0.969,0.924,-1.000,0.540,0.974,0.417,0.605,0.456,0.500,-0.113,0.287,0.567,-1.000,0.215,0.668,1.000,0.215,-0.210,0.309,0.000,0.434,0.249,-1.477,-1.000
0.278,0.615,-0.450,-0.117,0.048,0.555,1.000,0.615,1.000,-0.612,0.050,-0.788,-0.740,0.764,0.607,0.614,-0.105,0.055,0.364,-0.612,0.470,-0.253,0.376,0.319,-0.050,0.570,0.000,0.532,0.476,-1.477,-1.000
0.379,-0.019,-0.408,0.112,0.357,0.851,0.728,-0.019,0.847,-0.320,0.080,-1.000,-0.795,0.566,0.728,0.758,0.061,0.301,0.440,-0.320,0.660,-1.000,0.627,0.748,0.612,0.736,0.000,0.634,0.608,-1.477,-1.000
0.690,0.491,0.238,0.794,0.994,0.897,0.355,0.491,0.703,1.000,0.535,0.341,0.461,0.736,0.915,0.869,0.509,0.611,0.727,1.000,0.866,0.356,0.788,1.000,1.000,0.914,0.000,0.742,0.752,-1.477,-1.000
1.000,1.000,1.000,1.000,1.000,1.000,-0.047,1.000,0.568,0.262,1.000,0.829,1.000,1.000,1.000,1.000,1.000,1.000,1.000,0.262,1.000,1.039,-1.422,-1.882,-3.442,1.000,0.000,0.867,0.844,-1.477,-1.000