Year,RealGDPGrowth,GDP at current market prices,Export,Import,Foreign Direct inv (FDI),Gross fixed capital formation
1995.00,4.30,70246000000.00,27326000000.00,34363000000.00,325000000.00,16499000000.00
1996.00,4.30,79365000000.00,32312000000.00,41082000000.00,658000000.00,19709000000.00
1997.00,4.30,88175000000.00,33694000000.00,46093000000.00,1164000000.00,22734000000.00
1998.00,4.30,100042000000.00,40051000000.00,49742000000.00,292000000.00,22870000000.00
1999.00,4.30,109400000000.00,40025000000.00,56629000000.00,1243000000.00,29457000000.00
2000.00,4.30,122410000000.00,40882000000.00,54928000000.00,7265000000.00,27595000000.00
2001.00,4.30,134392000000.00,47511000000.00,57940000000.00,936000000.00,29981000000.00
2002.00,4.30,145055000000.00,53893000000.00,64608000000.00,976000000.00,31075000000.00
2003.00,4.30,162291000000.00,53022000000.00,65942000000.00,1966000000.00,36508000000.00
2004.00,4.30,180908000000.00,54905000000.00,76387000000.00,1796000000.00,39271000000.00
2005.00,2.70,191393000000.00,63219000000.00,93282000000.00,2807000000.00,41111000000.00
2006.00,5.60,222870000000.00,74037000000.00,115502000000.00,7222000000.00,51695000000.00
2007.00,5.70,255211000000.00,69708000000.00,121037000000.00,11514000000.00,61239000000.00
2008.00,5.40,284254000000.00,67970000000.00,132165000000.00,11419000000.00,67529000000.00
2009.00,3.30,291756000000.00,61681000000.00,118444000000.00,8793000000.00,74430000000.00
2010.00,4.40,307957000000.00,69550000000.00,134882000000.00,13948000000.00,74395000000.00
2011.00,4.10,330647000000.00,73586000000.00,147815000000.00,12894000000.00,77567000000.00
2012.00,3.50,350644000000.00,79658000000.00,160996000000.00,20373000000.00,79185000000.00
2013.00,3.40,377411000000.00,88048000000.00,165594000000.00,13766000000.00,77618000000.00
2014.00,3.80,400351000000.00,94776000000.00,172038000000.00,18497000000.00,73990000000.00
2015.00,3.70,420936000000.00,93290000000.00,168023000000.00,13726000000.00,71133000000.00
2016.00,3.90,447620000000.00,84456000000.00,165423000000.00,18161000000.00,74980000000.00
2017.00,3.90,472861000000.00,80680000000.00,180867000000.00,21242000000.00,79491000000.00
2018.00,4.00,500047000000.00,80339000000.00,192438000000.00,17370000000.00,90242000000.00
2019.00,2.90,512108000000.00,78799000000.00,198639000000.00,22289000000.00,97745000000.00