Year,P1,P2,P3,P4,P5
1999,108000000000.00,82851,99533010728,25822092062,-3053941872
2000,120000000000.00,89531,123478976675,27220940026,-1708018776
2001,132000000000.00,96928,124590056052,31605195008,856179913
2002,142000000000.00,106710,133661420575,32911343939,-10041297710
2003,162000000000.00,120787,145776176437,38507091644,-14080045139
2004,181000000000.00,140114,160636075488,41959908177,81883000000
2005,191000000000.00,158009,172484088286,44384850799,-11002811085
2006,223000000000.00,179005,208815753837,48861804813,-20746570473
2007,255000000000.00,200956,243229809801,51194048403,-21451810699
2008,284000000000.00,235553,271029897976,60149735683,-35810932098
2009,292000000000.00,248676,273520900134,66213070827,-25874967850
2010,308000000000.00,262037,294438177116,75074279823,-33182665123
2011,331000000000.00,287090,312881254652,79553013089,-40618988041
2012,351000000000.00,307132,339858009903,71530543510,-40362225822
2013,377000000000.00,330753,350592842984,81417669240,-29592884773
2014,400000000000.00,349364,378949521017,92239969848,-33695700489
2015,421000000000.00,365111,409795100870,103153190236,-23246700874
2016,448000000000.00,385392,416392265946,110522674311,-25874967850
2017,473000000000.00,408775,442274744533,122276235444,-23310769161
2018,500000000000.00,435259,462097744850,126567613469,-29528816486
2019,512000000000.00,451245,473926854596,165281469249,-38246994213
2020,449000000000.00,404957,413632420384,180113136432,-32349288322
2021,479000000000.00,432634,443366920859,161643076727,-46324000000
2022,571000000000.00,492045,528434854618,177500838568,-42798287937