GDP deflator,RealGDPGrowth,GDP at current market prices,RealGDPGrowth,Year,Murlabour,Forlabour,Labour Productivity Growth rate for total economy(%),Unemployment,world oilprice (MUR per barrel),Oil Import,Oil Export,Primary,Secondary,Tertiary,Headline Inflation %,Individual income tax,Corporate tax,VAT,Excise duties,Customs and other import duties,Export,Import,Foreign Direct inv (FDI),Gross fixed capital formation,consumer price index,GDP deflator,General Govt Expenditure,Revenue -  Consolidated General Government,Budget deficit/surplus,Gross Domestic Savings,General government net lending
5.123723,4.6255846,524536496420.7601,4.070914269503779,2000,592804.1571857526,31669.57172542768,3.114567866084562,41865.87921203389,2632.0567824551426,49203120959.894066,1951273160.2798643,31579983738.783134,153249328112.6532,496703162173.4945,4.906647515789919,10263307082.756824,13510054496.758781,42222600426.77001,18945673970.891525,1592858059.64055,95495496401.0729,214349942496.30093,20065782258.401424,106565378245.4066,4.314716542074302,2.868240788791199,80240338967.9044,144870650617.97293,1081222050.2657967,61849786692.89131,-14321699617.355396
6.7081804,4.240129,538063448972.5571,3.429062527370034,2001,599786.6147906043,32241.72533887755,1.513845029689166,40074.974014410574,2700.0167824551427,50136237126.87453,1709000542.3743448,33968685184.1548,156341745869.8719,515925910636.88184,4.372864290308913,11459508258.465408,13772214130.504599,44156836679.47542,20920647891.377205,1469216301.3930593,99198806123.7037,221410289876.87115,25222011443.85368,114851432155.38507,3.1803932879430103,2.7506625272726004,85485261203.73248,146818373789.58365,963638558.9307507,62871573385.78263,-14931187023.76214
3.475115,4.2699475,569073862642.7198,3.849744111319586,2002,602833.7965224824,32379.949909734034,2.3191252034393743,39866.104406077975,2945.759968294293,56100794172.68285,1908919312.7906733,34710122511.544365,159448607971.4979,542041691596.4754,6.364726099677483,11117874359.893139,15107277314.474546,47705186868.33603,19653878380.64361,1522801760.8735046,101851086004.89127,225880794184.89334,21553937795.891487,123354206279.49051,4.6585217652392386,3.444443764723256,88694467075.20111,160820334677.54355,542953723.984205,63893360078.67394,-14366774342.49521
6.6886444,4.213136,577666067726.022,3.7724975716545206,2003,605100.674291539,35098.05713591803,1.3436441210636765,37420.76363909581,3053.4016370153013,54568956498.17348,2073024536.2737644,37679526966.817955,163803510937.18823,565630710375.6407,4.971710548691594,12902794771.031828,14769282910.507362,47643215787.667946,21878046780.77787,1325393237.3025966,104000019390.33769,238793154160.43613,26997435650.848278,131769079388.99289,4.2491659813637686,4.056846489405357,93762316987.54037,155854562658.1764,33050985.508201838,64915146771.56526,-15093780066.68244
5.2356515,4.308495,613316936848.4043,4.081436330178377,2004,606590.5986567033,31535.629291835507,1.8008684695153312,36247.63667672775,3260.815401112988,61736357613.29805,1936642833.9362438,38120172627.14075,169406249257.64346,586692789227.2443,6.102414793478894,11881849711.056122,16398088815.496264,53187575460.85925,20976650836.757763,1188086827.742104,105646219868.15587,238183851705.73782,23061229378.098183,140219604864.37802,5.234442357408444,4.1635166647583155,98542616000.09467,167070925480.81665,-223069203.69344568,65936933464.45657,-14650737702.934612
7.7876306,4.3166585,614268854893.6343,3.5570806261746952,2005,613573.0562615466,36625.640936113035,1.2192735085677802,33110.07792990267,3419.7033276685524,57907154853.36271,2215833683.187706,41912836402.99893,172498667014.8941,605915537690.5873,4.1607891274672975,14492288872.298979,15707324419.22189,50430883065.10677,23363856047.16472,544235867.9508595,109349529590.77405,256844991699.61377,28743083736.751884,148655669856.01587,4.756599351946814,4.681751689275578,103729049227.88467,160708954673.14508,-675445218.440402,66958720157.347885,-15731021527.322027
4.2771096,4.2256,659086818004.1792,3.912237598452869,2006,616620.2379934283,33695.01345275011,1.3982118150464486,30585.33541537404,3572.4938557420605,67345331775.498024,2194696270.8588724,41714610165.07066,175605529116.51123,632031318650.1853,5.268800182975936,12553649889.282995,17549320010.218613,58665466907.96519,22498622216.261494,195353715.52584743,112001809471.96602,251334873462.2894,24589498210.67441,157097599972.8713,5.399480655072736,4.434270658023121,108961485909.69228,173837398978.9573,-1078145343.4039998,67980506850.239204,-14979893291.066637
8.328611,4.329062,650602812728.4034,3.894545374576298,2007,618887.1157624593,38152.753153043894,1.1009382006260384,26487.721951998054,3791.4718520803376,61692703866.42165,2235047732.1833754,46650049364.75145,179960432082.19537,655620337429.3561,2.9376533594152328,16242741456.156925,16631445035.161808,52500140284.540634,25004603044.546432,-764877823.2025126,114150742857.41092,275577208817.37616,30464585070.220867,165537151213.99762,4.899560966799726,4.920008028895868,113904438982.93509,167007922748.0733,-1420480565.1080546,69002293543.13052,-16370600499.22974
2.891754,4.2987194,709150313682.6578,4.099045808603661,2008,620377.0401276267,34268.191768265744,1.0342937877059866,22447.95902998796,3891.591826126564,73674801750.36519,2431558001.52799,45450376121.53794,185563170402.66324,676682416280.9655,4.286603359658687,13120823655.225216,18613920243.579704,64138253724.6642,24065900362.2673,-958591478.5630624,115796943335.22379,265419913086.74664,26133340395.57182,173977667319.38934,5.342934555506565,4.468300653323675,119806685816.22012,181815365235.22232,-1848667218.9266372,70024080236.02184,-15276256403.41227
9.43674,4.4412804,689546938226.2922,3.579787346749302,2009,627359.49773247,39679.83952854402,0.9786181221896562,16913.594956100387,4149.675458080594,65986371421.17502,2378486184.281184,51833314840.70457,188655588159.8894,695905164744.3439,1.7145175913631678,18187759679.985844,17555565651.101727,53754521782.95302,26645350041.928146,-2007756348.091102,119500253057.85054,294868321903.0538,32166197811.93509,182417792078.9704,4.8638623552156925,4.970866148209947,125508414789.32231,174006033909.90118,-2227139070.0919023,71045866928.91315,-16982034607.483995
2.5299766,4.500291,764843829925.2673,3.854049240176774,2010,630406.6794643546,34520.036360667655,0.6761958589498861,11270.520341614154,4221.076529610954,80798424185.19772,2524839091.805107,49406458646.13054,191762450261.51895,722020945703.8989,3.2004132953976505,13571191475.854895,18672528487.249027,69605341682.27847,25664888881.917377,-1921058947.2656612,122152532939.04016,280489437719.4161,27688222327.1242,190858075567.14053,5.193256597395027,4.402528837181113,131359659772.42134,189948131448.83786,-2606280701.9410896,72067653621.80446,-15557731485.787258
11.846909,4.483292,732386797245.5854,3.8438833140584427,2011,632673.557233398,41207.004580263514,0.8518095764835084,3680.206333948305,4498.869805138725,70761781233.14612,2609690375.813881,57414169442.9023,196117353227.2045,745609964483.0934,0.491381823311103,20361908932.019085,18479686267.04165,54099749466.566216,28286097039.30986,-2938476016.6238666,124301466324.48462,314599636997.74347,33851595896.7122,199298294675.51074,4.749655655147096,4.943027143377857,137452666031.23224,180993191038.5256,-3012241087.6594696,73089440314.69577,-17607500371.002216
1.6562679,4.6451693,827934130138.8575,4.00395506826796,2012,634163.4815985295,35194.23821819105,0.30975840654964404,-3565.5039150698667,4559.162243523196,88795244682.36739,2617505960.714091,53559091427.932045,201720091547.6833,766672043334.6544,1.6529897453096793,13891744051.473164,20561220718.35683,75066096068.54591,27295587775.211735,-2586076227.5140505,125947666802.29022,296588054463.6243,29250375975.316578,207738539896.11862,5.018448389828511,4.310692573648238,143661898408.96844,198072487831.13495,-3391882912.5267277,74111227007.5871,-15835244181.796568
13.617524,4.5764933,779687483598.0259,3.4952113276304155,2013,641145.9392034113,42734.25434700089,0.7219505405341288,-14073.85616908599,4841.665417245512,76047598235.37242,2772879785.30155,63342924612.21692,204812509304.91296,785894791798.0447,-0.7317539447409619,22802766455.27733,19403806882.981567,53435154321.674774,29926844036.691578,-3538784690.5148587,129650976524.92087,334645921311.2221,35523934738.80773,216178774525.68774,4.6112257054540295,4.894337880906396,150254394540.92645,188015590962.5391,-3782172267.5708103,75133013700.47841,-18253862190.269768
0.5471413,4.8205767,900201607103.887,3.7448068599743465,2014,644193.1209352841,35566.258724628016,-0.07145119366251372,-22956.497858337418,4904.401947628801,97766515556.55804,2798363378.9645443,57887211076.97496,207919371406.5257,812010572757.6642,0.7870942221407613,14068765798.376532,21485341334.29675,80519847712.23058,28936334772.59345,-2995806474.2697725,132303256406.11185,313889111260.0756,30816659531.350327,224619013450.94775,4.851351730568362,4.229287136461641,156813547801.9852,206302685744.04614,-4176700265.4685993,76154800393.36972,-16107378791.558916
16.84057,4.6384816,832946305818.5658,3.7397054652165505,2015,646459.998704334,44261.576525159544,0.5903021527764449,-37453.572261449015,5179.864035542388,81913650971.10999,2875664800.7753,69576248166.00623,212274274372.21048,835599591536.8232,-1.9548897127930265,25550793074.896244,20327927498.921486,51654643096.2143,31567591034.07329,-3900777594.612046,134452189791.56001,354877913304.33844,37185912934.16002,233059250633.88953,4.474887502794205,4.851549483740261,163596364556.64972,195146409640.3792,-4561244533.684208,77176587086.26103,-18914426689.0031
-1.4088011,4.9938083,983338848245.2012,3.8889968394746663,2016,647949.9230694744,35903.08144704703,-0.46686851833973314,-48049.51581669778,5255.694075116844,107861584512.92247,2987975870.2401643,62372009355.56757,217877012692.7009,856661670388.4077,-0.43604154591130345,14087832456.561447,22409461950.23667,85965892866.40468,30577081769.975163,-3247257659.385287,136098390269.36038,332657439954.9483,32384447000.451653,241499488523.50992,4.704291511965737,4.1727922642551265,170628062733.37878,214655982705.53735,-4953106774.112797,78198373779.15234,-16373109658.330564
19.322685,4.7655735,893749592136.4917,3.377724180285662,2017,654932.3806743408,45788.96154152826,0.4575985341060073,-67822.96998790519,5514.729124326684,88464355744.20406,3014515665.1455994,76076226249.04091,220969430449.90216,875884418851.8309,-3.178025480845091,28649428795.572876,21252048114.861404,48646684114.5943,33208338031.455006,-4139036484.9695473,139801699991.99884,375155838365.6667,38839831027.169556,249939726126.50375,4.350764153820675,4.823882445291825,177791310222.1527,202371148354.6257,-5343404386.920123,79220160472.04367,-19586562688.426395
-3.1657476,5.115473,1079442269587.8184,3.628349683664991,2018,657979.5624062193,36223.43079486557,-0.866385733261314,-80319.98112068225,5612.215472676551,119262312110.9125,3124215526.2345405,66996694633.06489,224076292551.53568,902000199811.3796,-1.6591773139633679,13933829773.99975,23333582566.17659,91403494120.03789,32217828767.356876,-3433034210.626239,142453979873.18613,352983103474.73944,33951539827.84365,258379963845.75238,4.578721813898533,4.143833928332262,185170685942.3491,223115477467.72702,-5731172769.668638,80241947164.93498,-16632750435.03077
24.195051,4.653672,964167746698.885,3.612970341717616,2019,660246.4401752934,47316.38163500812,0.3251142451186902,-106929.89435284231,5847.15135242269,95818292754.35895,3193918883.3782306,82809685807.69376,228431195517.2096,925589218590.5654,-4.401161248897155,32140638850.651604,22176168730.801327,44294237189.785324,34849085028.83672,-4343515360.398304,144602913258.64105,395326650204.7538,40487645432.47266,266820201517.84845,4.240394873679484,4.811655254873646,192668693908.24982,209671157678.0722,-6122252748.81668,81263733857.8263,-20269413447.471405
