Year,RealGDPGrowth,GDP at current market prices,General Govt Expenditure,Revenue -  Consolidated General Government,Budget deficit/surplus,Gross Domestic Savings,General government net lending
2004.00,4.30,180908000000.00,25693000000.00,37336400000.00,-5234400000.00,42626000000.00,-8788300000.00
2005.00,2.70,191393000000.00,27795000000.00,39976500000.00,-3829000000.00,42626000000.00,-9004900000.00
2006.00,5.60,222870000000.00,31478000000.00,43108400000.00,-5757200000.00,42626000000.00,-10344500000.00
2007.00,5.70,255211000000.00,31737000000.00,46464200000.00,-4635700000.00,53952000000.00,-9439200000.00
2008.00,5.40,284254000000.00,35431000000.00,58490000000.00,2161700000.00,43423000000.00,-8321100000.00
2009.00,3.30,291756000000.00,40619000000.00,69947000000.00,8516500000.00,37430000000.00,-8432000000.00
2010.00,4.40,307957000000.00,42555000000.00,71079100000.00,3412500000.00,40005000000.00,-5101200000.00
2011.00,4.10,330647000000.00,44517000000.00,75845000000.00,8208500000.00,43483000000.00,-12007700000.00
2012.00,3.50,350644000000.00,46838000000.00,82411400000.00,11201600000.00,43457000000.00,-11139000000.00
2013.00,3.40,377411000000.00,54157000000.00,85674500000.00,3703100000.00,46748000000.00,-7404600000.00
2014.00,3.80,400351000000.00,57429000000.00,88141500000.00,7329000000.00,50928000000.00,-13257200000.00
2015.00,3.70,420936000000.00,59730000000.00,45283319000.00,2100900000.00,55730000000.00,-14820100000.00
2016.00,3.90,447620000000.00,66618000000.00,96638900000.00,3508300000.00,62337000000.00,-14918100000.00
2017.00,3.90,472861000000.00,68332000000.00,105930769835.00,2092700000.00,64013000000.00,-15635800000.00
2018.00,4.00,500047000000.00,72819000000.00,112445888024.00,2037200000.00,64897000000.00,-14609200000.00
2019.00,2.90,512108000000.00,75534000000.00,117423426635.60,1891100000.00,60828000000.00,-15590200000.00
