Year,RealGDPGrowth,GDP at current market prices,Headline Inflation %,Individual income tax,Corporate tax,VAT,Excise duties,Customs and other import duties
2004.00,4.30,180908000000.00,4.70,2264500000.00,2404800000.00,11190800000.00,2407900000.00,7385400000.00
2005.00,2.70,191393000000.00,4.90,2553200000.00,3275800000.00,12529300000.00,2838400000.00,7730500000.00
2006.00,5.60,222870000000.00,8.90,2767900000.00,4701000000.00,13709500000.00,2467800000.00,7195400000.00
2007.00,5.70,255211000000.00,8.80,2332300000.00,5275300000.00,15468100000.00,2998900000.00,6299200000.00
2008.00,5.40,284254000000.00,9.70,3405700000.00,6236400000.00,18542000000.00,4198000000.00,6646200000.00
2009.00,3.30,291756000000.00,2.50,4053190000.00,10259000000.00,18980080000.00,8505510000.00,1501240000.00
2010.00,4.40,307957000000.00,2.90,2287700000.00,5210600000.00,9982000000.00,4627500000.00,801600000.00
2011.00,4.10,330647000000.00,6.50,4497100000.00,8428000000.00,21094400000.00,9331000000.00,1525200000.00
2012.00,3.50,350644000000.00,3.90,4913300000.00,7847000000.00,22713600000.00,11487100000.00,1560300000.00
2013.00,3.40,377411000000.00,3.50,5331400000.00,8371600000.00,24958100000.00,13038700000.00,1505900000.00
2014.00,3.80,400351000000.00,3.20,6214600000.00,8726900000.00,25999900000.00,13556600000.00,1389400000.00
2015.00,3.70,420936000000.00,1.30,7048600000.00,8972100000.00,31385200000.00,14423100000.00,1238700000.00
2016.00,3.90,447620000000.00,1.00,4022700000.00,4583200000.00,16108400000.00,7061000000.00,530000000.00
2017.00,3.90,472861000000.00,3.70,7620750000.00,10458690000.00,34496660000.00,15632502000.00,1346930000.00
2018.00,4.00,500047000000.00,3.20,8661500000.00,11881100000.00,36195515733.00,17276583010.00,1176900000.00
2019.00,2.90,512108000000.00,0.50,9526700000.00,12403000000.00,38854078194.00,20108759712.00,1344068492.00
