Year,RealGDPGrowth,GDP at current market prices,consumer price index,GDP deflator
2004.00,4.30,180908000000.00,4.70,6.90
2005.00,2.70,191393000000.00,4.90,4.30
2006.00,5.60,222870000000.00,8.90,6.70
2007.00,5.70,255211000000.00,8.80,8.30
2008.00,5.40,284254000000.00,9.70,5.70
2009.00,3.30,291756000000.00,2.50,-0.70
2010.00,4.40,307957000000.00,2.90,1.10
2011.00,4.10,330647000000.00,6.50,3.20
2012.00,3.50,350644000000.00,3.90,2.50
2013.00,3.40,377411000000.00,3.50,4.10
2014.00,3.80,400351000000.00,3.20,2.20
2015.00,3.70,420936000000.00,1.30,1.40
2016.00,3.90,447620000000.00,1.00,2.40
2017.00,3.90,472861000000.00,3.70,1.60
2018.00,4.00,500047000000.00,3.20,1.70
2019.00,2.90,512108000000.00,0.50,-0.50