Year,RealGDPGrowth,GDP at current market prices,Murlabour,Forlabour,Labour Productivity Growth rate for total economy(%),Unemployment
2004.00,4.30,180908000000.00,519000.00,17500.00,3.75,43700.00
2005.00,2.70,191393000000.00,528600.00,16600.00,2.31,50500.00
2006.00,5.60,222870000000.00,532400.00,16700.00,4.27,48100.00
2007.00,5.70,255211000000.00,527500.00,21600.00,4.89,44700.00
2008.00,5.40,284254000000.00,531800.00,24000.00,2.59,38100.00
2009.00,3.30,291756000000.00,540200.00,21000.00,2.57,39300.00
2010.00,4.40,307957000000.00,551900.00,22000.00,2.57,42200.00
2011.00,4.10,330647000000.00,548600.00,23000.00,4.45,42700.00
2012.00,3.50,350644000000.00,556300.00,24000.00,2.28,44600.00
2013.00,3.40,377411000000.00,571200.00,26300.00,0.35,45500.00
2014.00,3.80,400351000000.00,575700.00,28300.00,2.35,44800.00
2015.00,3.70,420936000000.00,584600.00,28300.00,1.89,46300.00
2016.00,3.90,447620000000.00,581000.00,28600.00,3.50,42400.00
2017.00,3.90,472861000000.00,586900.00,28400.00,2.53,41800.00
2018.00,4.00,500047000000.00,583800.00,29400.00,3.92,40100.00
2019.00,2.90,512108000000.00,591000.00,30900.00,1.36,39700.00