-1.000,-1.000,-1.000,-1.000,-1.000,-1.000,-1.000,-1.000,-0.864,-0.989,-0.602,-1.000,-1.000,-1.000,-1.000,-0.914,-1.000,-1.000,0.068
-0.926,-0.874,-0.927,-0.933,-0.949,-0.996,-0.742,-0.874,-1.000,-0.977,-0.496,-0.945,-0.980,-0.976,-0.978,-0.823,-0.938,-0.970,0.184
-0.852,-0.728,-0.852,-0.906,-0.906,-0.994,-0.434,-0.728,-0.966,-0.977,-0.416,-0.910,-0.942,-0.859,-0.970,-0.806,-0.901,-0.935,0.184
-0.778,-0.579,-0.781,-0.822,-0.878,-0.991,-0.276,-0.579,-0.847,-1.000,-0.379,-0.846,-0.923,-0.703,-0.943,-0.706,-0.825,-0.893,0.223
-0.704,-0.455,-0.633,-0.792,-0.810,-0.990,0.054,-0.455,-0.602,-0.944,-0.347,-0.784,-0.876,-0.859,-0.907,-1.000,-0.770,-0.850,0.243
-0.630,-0.517,-0.531,-0.770,-0.800,-0.987,-0.398,-0.517,-0.458,-0.198,-0.218,-0.764,-0.859,-0.794,-0.846,-0.804,-0.691,-0.803,-0.282
-0.556,-0.469,-0.323,-0.690,-0.746,-0.981,-0.226,-0.469,-0.297,-0.928,-0.212,-0.627,-0.805,-0.788,-0.813,-0.649,-0.591,-0.763,-0.049
-0.481,-0.400,-0.262,-0.762,-0.740,-0.974,0.025,-0.400,-0.254,-0.926,-0.177,-0.622,-0.789,-0.762,-0.779,-0.743,-0.544,-0.718,0.146
-0.407,-0.326,-0.279,-0.771,-0.723,-0.968,0.276,-0.326,-0.153,-0.813,-0.144,-0.584,-0.721,-0.782,-0.746,-0.681,-0.483,-0.674,-0.340
-0.333,-0.241,-0.251,0.016,-0.645,-0.960,0.391,-0.241,-0.212,-0.829,-0.116,-0.443,-0.679,-0.782,-0.722,-0.541,-0.405,-0.610,-0.184
-0.259,-0.076,-0.518,-0.478,-0.487,-0.954,0.878,-0.076,-0.288,-0.740,-0.047,-0.364,-0.650,-0.546,-0.682,-0.543,-0.391,-0.551,-0.146
-0.185,-0.010,-0.415,-0.352,-0.316,-0.511,0.706,-0.010,-0.280,-0.344,-0.002,-0.147,-0.595,-0.502,-0.669,-0.280,-0.285,-0.410,0.631
-0.111,-0.095,-0.148,-0.263,-0.234,-0.467,0.462,-0.095,0.136,0.074,0.192,0.158,-0.566,-0.480,-0.635,-0.245,-0.096,-0.291,0.612
-0.037,-0.021,-0.281,-0.244,-0.126,-0.371,-0.011,-0.021,0.339,0.174,0.231,0.176,-0.459,-0.487,-0.607,-0.175,0.116,-0.190,0.786
0.037,0.124,-0.441,-0.288,-0.227,-0.289,0.075,0.124,0.085,-0.203,0.134,-0.016,-0.384,-0.362,-0.551,-0.207,0.159,-0.152,-0.612
0.111,0.326,-0.330,-0.152,-0.063,-0.281,0.283,0.326,0.169,0.329,0.238,0.115,-0.277,-0.348,-0.480,-0.204,0.183,-0.081,-0.534
0.185,0.269,-0.165,-0.038,0.083,-0.232,0.319,0.269,0.254,0.317,0.287,0.229,-0.222,-0.309,-0.365,-0.094,0.240,0.010,0.165
0.259,0.402,-0.129,0.072,0.177,-0.175,0.455,0.402,0.339,1.000,0.288,0.287,-0.320,-0.264,-0.291,-0.028,0.290,0.093,-0.340
0.333,0.659,-0.137,0.143,0.171,-0.116,0.520,0.659,0.534,0.315,0.333,0.153,-0.200,-0.185,-0.199,-0.060,0.371,0.200,-0.417
0.407,0.736,-0.104,0.230,0.272,-0.047,0.470,0.736,0.703,0.779,0.408,0.284,-0.068,-0.088,-0.098,-0.023,0.424,0.311,-0.476
0.481,0.890,-0.050,0.277,0.247,0.057,0.577,0.890,0.703,0.145,0.593,0.489,0.065,0.066,0.033,-0.009,0.470,0.539,-0.845
0.556,0.828,0.059,0.301,0.285,0.152,0.297,0.828,0.729,0.501,0.796,0.687,0.155,0.156,0.194,0.118,0.526,0.525,-0.903
0.630,0.929,-0.060,0.356,0.317,0.245,0.254,0.929,0.712,0.910,0.906,0.840,0.297,0.184,0.330,0.175,0.542,0.635,-0.379
0.704,0.876,-0.145,0.377,0.374,0.366,0.133,0.876,0.797,0.739,1.000,0.972,0.349,0.119,0.475,0.040,0.634,0.751,-0.476
0.778,1.000,-0.119,0.364,0.418,0.454,0.104,1.000,0.924,0.852,0.974,0.939,0.820,0.520,0.605,0.175,0.598,0.815,-1.000
0.852,0.640,-0.111,-0.015,0.051,0.639,1.000,0.640,1.000,0.262,-0.788,-0.645,1.000,0.678,0.728,0.187,0.310,0.580,-0.612
0.926,-0.003,-0.043,0.240,0.361,0.951,0.728,-0.003,0.847,0.299,-1.000,-0.719,0.775,0.805,0.881,0.406,0.615,0.668,-0.320
1.000,0.514,1.000,1.000,1.000,1.000,0.355,0.514,0.703,0.845,0.341,1.000,0.968,1.000,1.000,1.000,1.000,1.000,1.000