Year,RealGDPGrowth,GDP at current market prices,world oilprice (MUR per barrel),Oil Import,Oil Export
1995.00,4.30,70246000000.00,303.39,13285714.29,0.00
1996.00,4.30,79365000000.00,406.74,1631428571.43,0.00
1997.00,4.30,88175000000.00,402.44,3249571428.57,0.00
1998.00,4.30,100042000000.00,306.46,4867714285.71,89380952.38
1999.00,4.30,109400000000.00,449.23,6485857142.86,188190476.19
2000.00,4.30,122410000000.00,749.42,8104000000.00,287000000.00
2001.00,4.30,134392000000.00,711.31,8291000000.00,323000000.00
2002.00,4.30,145055000000.00,748.56,8447000000.00,364000000.00
2003.00,4.30,162291000000.00,819.73,8832000000.00,361000000.00
2004.00,4.30,180908000000.00,1059.70,12081000000.00,495000000.00
2005.00,2.70,191393000000.00,1591.11,17491000000.00,632000000.00
2006.00,5.60,222870000000.00,2028.62,22090000000.00,925000000.00
2007.00,5.70,255211000000.00,2273.56,25549000000.00,945000000.00
2008.00,5.40,284254000000.00,2749.90,32172000000.00,948000000.00
2009.00,3.30,291756000000.00,1963.08,21731000000.00,991000000.00
2010.00,4.40,307957000000.00,2455.02,28918000000.00,885000000.00
2011.00,4.10,330647000000.00,3198.03,36860000000.00,1298000000.00
2012.00,3.50,350644000000.00,3342.39,38446000000.00,1230000000.00
2013.00,3.40,377411000000.00,3331.62,40055000000.00,1013000000.00
2014.00,3.80,400351000000.00,3031.21,37071000000.00,1131000000.00
2015.00,3.70,420936000000.00,1838.76,29753000000.00,1127000000.00
2016.00,3.90,447620000000.00,1563.43,26579000000.00,1380000000.00
2017.00,3.90,472861000000.00,1887.28,35213000000.00,2043000000.00
2018.00,4.00,500047000000.00,2132.77,42973000000.00,1486000000.00
2019.00,2.90,512108000000.00,2200.73,41371000000.00,1624000000.00