GDP at current market prices,RealGDPGrowth,Murlabour,Forlabour,Labour Productivity Growth rate for total economy(%),Unemployment,world oilprice (MUR per barrel),Oil Import,Oil Export,Primary,Secondary,Tertiary,Headline Inflation %,Individual income tax,Corporate tax,VAT,Excise duties,Customs and other import duties,Export,Import,Foreign Direct inv (FDI),Gross fixed capital formation,consumer price index,GDP deflator,General Govt Expenditure,Revenue -  Consolidated General Government,Budget deficit/surplus,Gross Domestic Savings,General government net lending
597200176119.9333,7.0437365,629713.966307642,28227.26330863538,5.599965552862439,51195.617102193195,3533.9237465603574,54036067778.119156,1804262172.3316376,27016820096.705612,167425732111.478,606719258340.9929,7.479910220008409,6404389231.09027,10862941061.076336,49918339132.07238,21257488276.764275,-1279561832.2723398,101439688559.24191,232841714799.24487,30080288263.49249,112590877277.61757,5.9001796373554924,3.620162023993477,68502682952.77467,79125534013.52208,6165509748.850376,73649226560.50919,-7287999938.700426
625282053005.5732,2.478528,629763.5025150029,27990.248036089917,2.9991773382222924,50515.3271995489,2969.245294826177,47622745416.813126,1554222949.6685567,29739733223.349457,160023427140.18286,628808966269.9122,5.236866977947675,7805894922.182585,11536971582.580114,51525558700.27274,25526417154.27833,-2306733442.0753274,96449717418.43617,243504512905.51324,32668622892.58721,126346201754.4602,3.058886281154423,1.3250779684376586,67172038560.97422,100757012017.30576,5480400893.798835,70086957901.04874,-7863082117.591004
636044914885.3359,4.876789,648166.1812706883,22419.979036965255,5.325152123130061,57873.3180568169,4472.354902530087,58281267693.33383,1610030474.90556,22987090250.053856,169078737948.47537,666708123271.266,11.014725035623762,3682849507.9230413,8890390780.348413,50685621223.786964,22723623014.334667,-4208116315.586436,107954690112.93283,234951509808.73846,37955518744.05659,115786730805.63652,6.771065055374152,3.739370332780915,52375890268.20081,56790442551.532646,6889890780.373828,76475575703.06015,-2874793239.9379086
667379817391.7043,1.9179647,651550.7144433693,20124.787051167325,2.5830906221026253,56120.76525393375,3134.3738554371657,44663374040.5224,1837079808.9954107,24978774861.98887,162537504580.0881,674782052505.8916,7.068035970938618,4733388086.631231,9830128987.593304,34892210946.361145,28034390689.046513,-6205085836.619427,101011776678.65994,250986046753.44666,39098096255.55603,135111123180.75136,3.6562465057257816,1.3030169031277252,47741187183.51387,73260011401.59853,5748815847.130022,70164234394.32574,-2684229675.575758
656707653551.9142,5.106131,674534.1581296426,15821.5143598864,5.027701183577688,63737.55612382247,5287.174570020555,60938328589.199814,1384028357.732105,18699891502.039597,174062329326.0973,735424605795.6993,14.618782344216932,1242972709.7341998,7429986843.784108,48868383396.78366,24525136692.89118,-6935386413.334052,114874592097.54875,233584542360.05777,46235466761.98617,116142634427.83426,7.658137235013611,3.899115058288595,37046660961.61013,34224866776.955723,6623251032.333765,76746409598.0699,2345896576.2067947
726863935209.7667,0.53630716,672094.9136149172,12527.490765229693,2.3940347954951786,62019.89862279529,3210.351926619851,40805045358.10299,1834396370.1982596,19363422271.247047,168721917355.7401,713178945335.7529,9.016621741008258,2258042988.4518776,9170817065.636377,43701700074.314415,31070898985.919067,-10414772448.41686,105272404578.24991,256530383602.63254,45427305571.67867,142762685206.87338,4.370793288992233,1.381273280802567,31261055808.60176,61843309802.002075,5893694719.653237,73742419272.91055,3124994056.2418437
705383333800.591,5.8788114,702407.5207366953,8932.261985297146,4.776541050210524,69270.64249310862,5983.7362275536,62074077811.17276,1233768075.3998697,14177052760.531961,181708347246.8941,816375168823.2994,17.948260526591437,-620127234.6589454,7073872581.257731,40922511615.834236,27939903741.35631,-9729058164.932444,122132166836.12973,228815251412.98965,54875271455.27159,113771504725.7834,8.557293749380621,4.094466185309783,23195149250.80865,14494542453.057098,6134195298.794653,74963530627.67603,8144925210.214584
769713074120.2273,-0.3211145,691282.1266808936,4881.749799768724,2.2625648847005992,68036.11045010497,3195.3999752673594,36050528676.82116,1885701736.6912339,13151657466.055986,180243871752.7535,746875216641.2621,10.914614692077693,241042570.16949156,9542894729.22657,32234266471.053665,34642457769.51103,-14245902196.986942,109256437300.02863,260101603070.80252,51673198000.94779,149253167407.29227,5.192419177166896,1.5517905710571933,19803034705.541855,45096593449.87968,6248234989.519856,72331738293.30737,9005240710.77178
731931798357.3885,6.1462455,729503.6451582967,1975.3188788245554,4.536090818966116,74846.9590131726,6564.261158479037,61715666858.7356,1265171222.541936,9428999673.443346,191376609296.93228,911666784948.7528,21.22775488720108,-1750139833.3363883,7890521968.6045,26391416010.591343,33210864632.87186,-12545161428.599174,129717847019.94829,220850745058.7228,63859819041.440285,108829565069.46957,9.4774324978801,4.328395120767322,9545208234.752338,-2289310153.4646535,5150556760.204804,71538106649.10667,14495212591.908216
800845484489.3325,-0.9691252,710469.3397468699,-2763.991165692245,2.1310949739060203,71374.55106390467,3087.3128129193533,30392892362.82998,1990476015.5679016,6622305590.592802,199090668509.81653,779451048712.2577,12.711401833842665,-1188245413.7125018,11181213530.883741,14320328313.928015,39090319967.40632,-17658103096.245377,112956661603.84872,261785225446.94678,57827515992.24019,154649981928.63406,6.109504553440594,1.805695453462565,10870167314.547476,35322614419.96409,6144358111.395862,68936801253.53752,15282282414.821724
