-1.000,0.607,-1.000,-1.000,-1.000,-1.000,-0.304
-0.929,0.718,-0.969,-0.973,-0.969,-0.982,-0.285
-0.857,0.726,-0.940,-0.947,-0.941,-0.949,-0.334
-0.786,0.761,-0.900,-0.912,-0.902,-0.932,-0.223
-0.714,0.462,-0.873,-0.879,-0.874,-0.890,-0.325
-0.643,0.940,-0.832,-0.851,-0.787,-0.875,-0.304
-0.571,0.513,-0.792,-0.820,-0.783,-0.828,-0.264
-0.500,0.376,-0.758,-0.779,-0.750,-0.814,-0.434
-0.429,0.752,-0.690,-0.720,-0.706,-0.754,-0.497
-0.357,0.607,-0.626,-0.639,-0.652,-0.717,1.000
-0.286,0.368,-0.593,-0.564,-0.609,-0.691,-0.449
-0.214,0.624,-0.485,-0.476,-0.477,-0.643,-0.601
-0.143,0.726,-0.377,-0.384,-0.352,-0.618,-0.612
-0.071,0.701,-0.279,-0.239,-0.251,-0.522,-0.836
0.000,0.521,-0.252,-0.184,-0.242,-0.457,-0.681
0.071,0.615,-0.198,-0.128,-0.166,-0.362,-0.795
0.143,0.590,-0.120,-0.023,-0.099,-0.314,-0.911
0.214,0.538,-0.053,0.061,-0.001,-0.400,-0.907
0.286,0.530,0.035,0.160,0.038,-0.294,-0.739
0.357,0.564,0.113,0.238,0.141,-0.178,-0.803
0.429,0.556,0.183,0.304,0.253,-0.061,-0.640
0.500,0.573,0.275,0.389,0.277,0.018,-0.681
0.571,0.573,0.359,0.487,0.371,0.144,-0.641
0.643,0.581,0.450,0.598,0.443,0.190,-0.738
0.714,0.487,0.491,0.665,0.486,0.605,-0.874
0.786,-1.000,0.278,0.471,0.267,0.764,-0.782
0.857,0.530,0.379,0.587,0.375,0.566,-1.000
0.929,1.000,0.690,0.836,0.684,0.736,-0.945
1.000,0.838,1.000,1.000,1.000,1.000,-0.467