-0.750,-0.750,-0.750,-0.750,-0.750,-0.750,-0.750,-0.648,0.051,-0.743,-0.452,-0.750,-0.750,-0.750,-0.750,-0.701,-0.750,-0.750,-0.750
-0.696,-0.657,-0.716,-0.692,-0.747,-0.556,-0.657,-0.750,0.138,-0.736,-0.372,-0.720,-0.737,-0.732,-0.735,-0.650,-0.713,-0.730,-0.727
-0.643,-0.549,-0.681,-0.692,-0.745,-0.325,-0.549,-0.725,0.138,-0.736,-0.312,-0.700,-0.711,-0.649,-0.729,-0.640,-0.690,-0.708,-0.705
-0.589,-0.439,-0.648,-0.577,-0.744,-0.207,-0.439,-0.636,0.167,-0.750,-0.285,-0.666,-0.699,-0.537,-0.710,-0.584,-0.644,-0.680,-0.675
-0.536,-0.348,-0.579,-0.577,-0.743,0.040,-0.348,-0.451,0.182,-0.715,-0.260,-0.632,-0.668,-0.648,-0.685,-0.750,-0.611,-0.653,-0.654
-0.482,-0.393,-0.532,-0.577,-0.741,-0.298,-0.393,-0.343,-0.211,-0.249,-0.164,-0.621,-0.656,-0.602,-0.642,-0.639,-0.563,-0.622,-0.624
-0.429,-0.358,-0.436,-0.519,-0.737,-0.169,-0.358,-0.222,-0.036,-0.705,-0.159,-0.546,-0.621,-0.598,-0.619,-0.551,-0.503,-0.597,-0.594
-0.375,-0.307,-0.407,-0.577,-0.732,0.019,-0.307,-0.191,0.109,-0.704,-0.133,-0.543,-0.610,-0.579,-0.595,-0.604,-0.474,-0.567,-0.568
-0.321,-0.252,-0.415,-0.577,-0.727,0.207,-0.252,-0.114,-0.255,-0.634,-0.108,-0.522,-0.565,-0.593,-0.572,-0.570,-0.438,-0.539,-0.518
-0.268,-0.190,-0.402,0.173,-0.722,0.293,-0.190,-0.159,-0.138,-0.643,-0.087,-0.445,-0.538,-0.594,-0.555,-0.490,-0.390,-0.497,-0.470
-0.214,-0.067,-0.526,-0.404,-0.717,0.659,-0.067,-0.216,-0.109,-0.588,-0.035,-0.402,-0.518,-0.424,-0.527,-0.492,-0.382,-0.459,-0.444
-0.161,-0.019,-0.478,-0.404,-0.402,0.530,-0.019,-0.210,0.473,-0.341,-0.002,-0.283,-0.482,-0.392,-0.518,-0.342,-0.318,-0.367,-0.363
-0.107,-0.081,-0.354,-0.404,-0.371,0.347,-0.081,0.102,0.459,-0.080,0.144,-0.115,-0.463,-0.376,-0.494,-0.323,-0.204,-0.291,-0.282
-0.054,-0.027,-0.416,-0.404,-0.303,-0.008,-0.027,0.254,0.590,-0.017,0.173,-0.105,-0.392,-0.381,-0.474,-0.283,-0.076,-0.226,-0.209
0.000,0.080,-0.491,-0.404,-0.244,0.056,0.080,0.064,-0.459,-0.252,0.101,-0.211,-0.342,-0.292,-0.435,-0.301,-0.049,-0.199,-0.189
0.054,0.229,-0.439,0.173,-0.239,0.212,0.229,0.127,-0.400,0.079,0.179,-0.139,-0.271,-0.282,-0.385,-0.299,-0.035,-0.153,-0.148
0.107,0.187,-0.362,0.173,-0.204,0.239,0.187,0.191,0.124,0.072,0.215,-0.077,-0.235,-0.254,-0.305,-0.237,0.000,-0.095,-0.090
0.161,0.285,-0.346,0.173,-0.163,0.341,0.285,0.254,-0.255,0.498,0.216,-0.045,-0.300,-0.221,-0.253,-0.200,0.030,-0.042,-0.040
0.214,0.475,-0.349,0.173,-0.121,0.390,0.475,0.400,-0.313,0.070,0.250,-0.118,-0.220,-0.164,-0.189,-0.218,0.079,0.027,0.026
0.268,0.532,-0.334,0.173,-0.072,0.352,0.532,0.528,-0.357,0.360,0.306,-0.046,-0.133,-0.095,-0.118,-0.197,0.110,0.100,0.084
0.321,0.646,-0.309,0.173,0.002,0.433,0.646,0.528,-0.633,-0.036,0.445,0.066,-0.047,0.016,-0.026,-0.189,0.138,0.249,0.138
0.375,0.600,-0.258,0.173,0.070,0.223,0.600,0.547,-0.677,0.187,0.597,0.174,0.018,0.080,0.087,-0.117,0.172,0.237,0.206
0.429,0.675,-0.314,0.173,0.136,0.191,0.675,0.534,-0.284,0.442,0.679,0.258,0.106,0.100,0.182,-0.085,0.182,0.310,0.269
0.482,0.635,-0.353,0.173,0.222,0.099,0.635,0.597,-0.357,0.335,0.750,0.331,0.147,0.054,0.284,-0.161,0.238,0.387,0.338
0.536,0.727,-0.341,0.173,0.284,0.078,0.727,0.693,-0.750,0.405,0.730,0.313,0.452,0.342,0.375,-0.085,0.216,0.425,0.368
0.589,0.461,-0.337,0.173,0.416,0.750,0.461,0.750,-0.459,0.037,-0.591,-0.555,0.573,0.455,0.461,-0.078,0.042,0.272,0.208
0.643,-0.014,-0.306,0.173,0.638,0.546,-0.014,0.636,-0.240,0.060,-0.750,-0.596,0.428,0.546,0.568,0.046,0.226,0.329,0.284
0.696,0.368,0.178,0.750,0.673,0.266,0.368,0.528,0.750,0.401,0.255,0.346,0.549,0.686,0.652,0.382,0.454,0.547,0.517
0.750,0.750,0.750,0.750,0.750,-0.035,0.750,0.426,0.197,0.750,0.622,0.750,0.750,0.750,0.750,0.750,0.750,0.750,0.750