Year,RealGDPGrowth,GDP at current market prices,Primary,Secondary,Tertiary
1995.00,4.30,70246000000.00,7094818181.82,34101727272.73,3989000000.00
1996.00,4.30,79365000000.00,8093863636.36,38239545454.55,21111000000.00
1997.00,4.30,88175000000.00,9092909090.91,42377363636.36,38233000000.00
1998.00,4.30,100042000000.00,10091954545.45,46515181818.18,55355000000.00
1999.00,4.30,109400000000.00,11091000000.00,50653000000.00,72477000000.00
2000.00,4.30,122410000000.00,14131000000.00,55817000000.00,80299000000.00
2001.00,4.30,134392000000.00,16680000000.00,62718000000.00,88023000000.00
2002.00,4.30,145055000000.00,15159000000.00,65224000000.00,96259000000.00
2003.00,4.30,162291000000.00,16894000000.00,70151000000.00,106954000000.00
2004.00,4.30,180908000000.00,19180000000.00,75795000000.00,120343000000.00
2005.00,2.70,191393000000.00,19143000000.00,76961000000.00,132660000000.00
2006.00,5.60,222870000000.00,22702000000.00,84217000000.00,192413000000.00
2007.00,5.70,255211000000.00,23216000000.00,96131000000.00,221518000000.00
2008.00,5.40,284254000000.00,24204000000.00,108821000000.00,246358000000.00
2009.00,3.30,291756000000.00,23685000000.00,110581000000.00,254111000000.00
2010.00,4.40,307957000000.00,23603000000.00,111651000000.00,269432000000.00
2011.00,4.10,330647000000.00,25533000000.00,116226000000.00,289792000000.00
2012.00,3.50,350644000000.00,26648000000.00,120279000000.00,309655000000.00
2013.00,3.40,377411000000.00,26130000000.00,127513000000.00,333835000000.00
2014.00,3.80,400351000000.00,26641000000.00,132002000000.00,359496000000.00
2015.00,3.70,420936000000.00,26909000000.00,134502000000.00,380508000000.00
2016.00,3.90,447620000000.00,28881000000.00,137464000000.00,407159000000.00
2017.00,3.90,472861000000.00,29643000000.00,138656000000.00,431853000000.00
2018.00,4.00,500047000000.00,27203000000.00,143075000000.00,458557000000.00
2019.00,2.90,512108000000.00,29343000000.00,138861000000.00,473500000000.00
2020.00,-14.50,448874000000.00,29678000000.00,121779000000.00,428911000000.00
2021.00,3.40,478807000000.00,33070000000.00,141685000000.00,449161000000.00